id,sku,short_description,price,list_price,avg_rating,discount,discount_rate,order_count,is_visible,brand,name,image
276191357,4733190179421,"Hộp mực Brother TN 2385/2325 ,CÓ LỔ ĐỔ MỰC – Chất lượng cao – Mới 100% - Nguyên hộp- Bảo hành 1 đổi 1 trong 1 THÁNG HOẶC ĐẾN KHI HẾT MỰC nếu lỗi do nhà sản xuất. Dùng cho các dòng máy in sau:HL-2300D...",105000,105000,5.0,0,0,,,,Hộp mực dành cho Máy in Brother DCP 2520dw 2540dw -HL-L2321D HL-2361DN HL-2366DW MFC-L2701D MFC-L2701DW - TN 2325/2385 Mới 100%-CÓ LỔ ĐỔ MỰC Hàng chính hãng Alpha Cartridge ,https://salt.tikicdn.com/cache/280x280/ts/product/e5/69/d1/420fbe7a93c41d9ee3fe0754d46f23d3.jpg
275191477,4436777031662,"Sản phẩm: Hộp mực CF285A,  cho máy in Black LASERJET P1102, / P1212/P1102W LBP-3018/3010/3050/3020/3100/6000.F158200Số lượng bản in: 1.200 -1.600Giúp các doanh nghiệp tiết kiệm từ 45% - 50% chi phí ...",112800,112800,5.0,0,0,,,,Hộp mực 85A 35A dành cho máy in Canon LBP 6000 6030 6030w F158200 HP P1102/P1212/P1102W/1136/1216/1130 - LBP 3010/3050/3020 Hàng chính hãng Alpha Cartridge,https://salt.tikicdn.com/cache/280x280/ts/product/37/29/7b/7db590ea0e3d5716c02b828cf9f4c43a.jpg
276191594,2057461643290,"Hộp mực HP 12A , Ca.non 2900 – Chất lượng cao –Mới 100% - Nguyên hộp- Bảo hành 1 đổi 1 trong 1 THÁNG HOẶC ĐẾN KHI HẾT MỰC... nếu lỗi do nhà sản xuất. Dùng cho các dòng máy in sau:HP 1010, 1015, 10...",121000,121000,5.0,0,0,,,,Hộp mực 12A Canon 2900 dành cho Canon LBP 2900/3000 HP Laser Jet 1010/1015/1020/3015/3020/3030/3050  HÀNG CHÍNH HÃNG ALPHA CARTRIDGE,https://salt.tikicdn.com/cache/280x280/ts/product/ff/be/49/1d3c9948758d41167de973278f01401b.jpg
99998451,2228735644002," VESA DisplayHDR 400HDR rõ ràng và tươi sángMàn hình này hỗ trợ VESA DisplayHDR 400 với độ sáng và độ tương phản rộng, tạo nên hình ảnh chân thực cho những game HDR, phim và ảnh mới nhất.  ...",5190000,8090000,5.0,2900000,36,,,,Màn hình máy tính LG UHD 4K 27'' IPS VESA DisplayHDR 400 27UP600K-W - Hàng chính hãng,https://salt.tikicdn.com/cache/280x280/media/catalog/producttmp/6e/3c/a8/4cca621676647518f888704c95190102.png
275797120,5775244175359,"Dây cáp dùng cho kết nối mạng LAN / Internet từ Modem internet, Switch đến cục phát wifi hoặc tới PC, Laptop theo chuẩn kết nối mạng với 2 đầu RJ45Dây cáp đã được bấm sẵn 2 đầu bấm mạng RJ45 cắm vào ...",100000,100000,5.0,0,0,,,,Dây cáp mạng LAN đúc sẵn 2 đầu Cat6E UTP Arigato - Hàng chính hãng,https://salt.tikicdn.com/cache/280x280/ts/product/8c/f7/78/b72ff0c4a8cbc935fe537b309b4ff4d4.jpg
138481685,5057438857877,CLICK ĐỂ MUA KEY ĐIỆN TỬ - NHẬN HÀNG KHÔNG CẦN CHỜ Khám Phá Microsoft 365 Family – Giải Pháp Phần Mềm Văn Phòng Toàn Diện Cho Cả Gia Đình hay nhóm tối đa 6 người!Microsoft 365 Family là gói phần mềm...,1760000,2590000,5.0,830000,32,,,,"Phần mềm Microsoft Office 365 Family (6GQ-01896) | 12 tháng | Dành cho tối đa 6 người | 5 thiết bị/tài khoản| Word, Excel, PowerPoint | 1TB OneDrive",https://salt.tikicdn.com/cache/280x280/ts/product/86/6c/20/21902325418df37dd43dbc9b03d546c7.jpg
76181490,7690918036913,"Phần Mềm Diệt Virus BKAV Profressional sử dụng Trí tuệ nhân tạo (AI) tổng hợp các dữ liệu được ghi nhận, phân tích và chỉ ra các mối nguy hiểm người sử dụng có thể gặp phải như bị xóa dữ liệu, bị the...",176000,221100,5.0,45100,20,,,,Phần Mềm Diệt Virus BKAV Profressional Internet Security (1 năm) - Hàng Chính Hãng,https://salt.tikicdn.com/cache/280x280/ts/product/09/c0/8c/f20ea1736b20a4ce9138382e51bbf75e.jpg
53056161,3405828458427,"Microsoft 365 Family - 6GQ-01144Microsoft 365 dành cho Cá nhân và Gia đình là một giải pháp tổng thể, mang lại giá trị nhiều hơn, đáp ứng nhu cầu tốt hơn cho người dùng. Microsoft 365 không chỉ là...",1790000,2590000,5.0,800000,31,,,,Phần mềm Microsoft 365 Family | 6 Users | 1TB/User | 365 ngày – Hàng chính hãng,https://salt.tikicdn.com/cache/280x280/ts/product/c6/cd/30/0a171e0c5f94e6b9946b1108791fd6f2.png
276181938,4476418092052,=================================✪ Sản phẩm chính hãng Team Group✪ Thiết kế nắp rời và tông chủ màu đen hợp thời trang✪ Thiết bị lưu trữ USB 3.2 lý tưởng (USB 3.2 GEN 1 tương đương USB 3.0)✪ ...,99000,169000,4.8,70000,41,,,,USB 3.2 Team Group C175 32GB - Hàng chính hãng,https://salt.tikicdn.com/cache/280x280/ts/product/6a/a8/ab/a2569349f58751fb796f85c864e928a1.jpg
191629807,7499488921921,"Quạt tản nhiệt điện thoại Huqu HQ-P9 là trợ thủ đắc lực của bạn, sẽ giúp điện thoại của bạn không còn bị nóng và được bảo vệ tốt hơn.Thiết kế ấn tượng của quạt tản nhiệt điện thoại Huqu ...",145000,150000,5.0,5000,3,,,,Quạt Tản Nhiệt Điện Thoại Huqu HQ.P9- 3 Tốc Độ Gió -Hàng Chính Hãng ,https://salt.tikicdn.com/cache/280x280/ts/product/e8/e4/e2/5454c85666b86400cc2bd2174718634f.jpg
276632232,3100045895465,"Dây cáp dùng cho kết nối mạng LAN / Internet từ Modem internet, Switch đến cục phát wifi hoặc tới PC, Laptop theo chuẩn kết nối mạng với 2 đầu RJ45Dây cáp đã được bấm sẵn 2 đầu bấm mạng RJ45 cắm vào ...",60000,60000,5.0,0,0,,,,Dây cáp mạng LAN đúc sẵn 2 đầu Cat6 UTP Unitek - Hàng chính hãng,https://salt.tikicdn.com/cache/280x280/ts/product/07/18/e4/3f3421d4fea4c3ee2d6cacac3b036d4b.jpg
187770519,1046566289097,. Máy Tính Siêu Nhỏ Ultra Mini Morefine ZX01 Plus Intel thế hệ 12 Alder Lake N100 Xuất Hình 4K 60hz. CPU Intel thế hệ 12 Alder Lake N100 tiến trình 7nm . Tốc độ Turbo Up To 3.4Ghz cho hiệu năng vượt ...,4030000,4030000,5.0,0,0,,,,Máy Tính Siêu Nhỏ Ultra Mini Morefine ZX01 Plus - Intel thế hệ 12 Alder Lake N100 - Hỗ Trợ Xuất Hình 4K 60hz,https://salt.tikicdn.com/cache/280x280/ts/product/f5/7e/44/eeafe359a2c90e4939aa55f02e5e3dab.jpg
481625,8506950212521,"Máy In Đa Chức Năng Canon MF 3010 AEMáy In Đa Chức Năng Canon MF 3010 AE - Máy in đa năng thường có trọng lượng và kích thước rất lớn, tuy nhiên với Máy In Đa Chức Năng Canon MF 3010 AE thì không. T...",4910000,5790000,4.7,880000,15,,,,Máy In Đa Năng Canon MF3010 Scan Copy - Hàng chính hãng,https://salt.tikicdn.com/cache/280x280/ts/product/28/d1/2c/5b9a1c0e567aeafc54a50376ffde3897.jpg
275961342,8738807587844,"Hàng chất lượng cao, HỘP MỰC HP 78A , CANON 326/328 DÙNG CHUNGHộp mực HP 78A , C 326/328 ,  -Có Lỗ Đổ Mực – Chất lượng cao – Mới 100% - Nguyên hộp- Bảo hành 1 đổi 1 trong 1 THÁNG HOẶC ĐẾN KHI HẾT MỰ...",126800,126800,0.0,0,0,,,,Hộp mực 78A dành cho Canon 6230dn 6230dw 6200d - HP P1560/1536/P1566/1600/P1606DN Mực in Canon MF4410/4430/4580DN/MF4570dn/4550d/4452/4450/4450d/MF4420n /4412/ự D520  Có lổ đổ mực-Hàng chính hãng Alpha Cartridge,https://salt.tikicdn.com/cache/280x280/ts/product/ef/14/b8/003016443b85a7613976d35f260ecbc7.jpg
276181938,4476418092052,=================================✪ Sản phẩm chính hãng Team Group✪ Thiết kế nắp rời và tông chủ màu đen hợp thời trang✪ Thiết bị lưu trữ USB 3.2 lý tưởng (USB 3.2 GEN 1 tương đương USB 3.0)✪ ...,99000,169000,4.8,70000,41,,,,USB 3.2 Team Group C175 32GB - Hàng chính hãng,https://salt.tikicdn.com/cache/280x280/ts/product/6a/a8/ab/a2569349f58751fb796f85c864e928a1.jpg
145224778,3202955950050,PIXMA TS207Máy In Nhỏ Gọn Và Thời Trang Với Hộp Mực Chi Phí ThấpPIXMA TS207 kết hợp giữa bề mặt chống bám vân tay và chống xước với tính năng hoàn hảo như ngoại hình của máy.InTốc độ in (A4) tiê...,1070000,1150000,4.5,80000,7,,,,Máy in phun màu Canon Ts207- hàng chính hãng,https://salt.tikicdn.com/cache/280x280/ts/product/68/4b/4d/62d5a6eceb33d0482d600c79561248b7.png
53080935,1084495096501,"CLICK ĐỂ MUA KEY ĐIỆN TỬ - NHẬN HÀNG KHÔNG CẦN CHỜKhám Phá Microsoft 365 Personal – Giải Pháp Phần Mềm Văn Phòng Hoàn HảoMicrosoft 365 Personal là gói phần mềm văn phòng toàn diện của Microsoft, thi...",1450000,2090000,5.0,640000,31,,,,"Phần mềm Microsoft Office 365 Personal  | 12 tháng | Dành cho 1 người | 5 thiết bị/tài khoản | Word, Excel, PowerPoint | 1TB OneDrive",https://salt.tikicdn.com/cache/280x280/ts/product/96/17/60/9ac0d2d65ad38f4a57bda0090118c425.jpg
6909331,4417398345419, TP-Link RE200 - Bộ Mở Rộng Sóng Gắn Tường Không Dây Băng Tần Kép AC750TP-Link RE200 - Bộ Mở Rộng Sóng Gắn Tường Không Dây Băng Tần Kép AC750 sử dụng con chip xử lý Mediatek cho khả năng ổn định kết n...,370000,448500,4.8,78500,18,,,,Bộ Kích Sóng Wifi Repeater Băng Tần Kép AC750 TP-Link RE200 - Hàng Chính Hãng,https://salt.tikicdn.com/cache/280x280/media/catalog/product/r/e/re200_1.u425.d20160421.t110054.jpg
276174461,5382387582134,"Máy in HP Laser 108w (4ZB80A) là thiết bị hỗ trợ in ấn vượt trội trong các dòng máy in laser trắng đen. Máy có hiệu suất in ấn cao, đáng tin cậy phù hợp với mọi văn phòng khác nhau. HP Laser 108w được...",3370000,3690000,5.0,320000,9,,,,Máy In HP Laser 108W (4ZB80A) - Hàng Chính Hãng,https://salt.tikicdn.com/cache/280x280/ts/product/77/9c/71/ee192db233e0f296307db7a2e7377c76.jpg
3831591,5782854631979,"HDD BOX ORICO 2577S3Hộp ổ cứng 2.5"" SSD/HDD SATA 3 USB 3.0 - Dùng cho cả SSD và HDD loại 2.5"". Hỗ trợ ổ cứng 2.5"" 2TB. - USB 3.0, tốc độ truyền dữ liệu 5Gbps. Hỗ trợ UASP: tăng tốc đồ truyền dữ liệ...",130000,130000,4.5,0,0,,,,"Hộp đựng ổ cứng 2.5"" SSD/HDD Orico 2577U3 chuẩn sata 3 cổng USB 3.0 - Hàng Chính Hãng",https://salt.tikicdn.com/cache/280x280/ts/product/45/7b/9a/60fc64357090a7be772a59794717d13d.jpg
806672,6101576467779,"   USB Team Taiwan C171 16GB (Đen) có thiết kế nhỏ gọn tinh tế, màu sắc ấn tượng, là phụ kiện quen thuộc và không thể thiếu trong công việc hằng ngày của bạn.   Tích hợp nhiều tính năng độc đáo như ...",77000,120000,4.8,43000,36,,,,USB Team Taiwan C171 16GB - Hàng Chính Hãng,https://salt.tikicdn.com/cache/280x280/media/catalog/product/c/1/c171_16gb_den_a_1024x1024.u5488.d20170815.t105838.623261.jpg
476059,6104067990619," USB Team E902 16GB mang đến cho bạn dùng lượng rộng rãi 16GB để bạn có thể lưu tất cả các dữ liệu cần thiết cho công việc của mình. Ngoài ra, chuẩn  USB 2.0 cùng tính năng plug - play giúp bạn thuận...",84000,120000,4.2,36000,30,,,,USB Team E902 16GB - Hàng Chính Hãng,https://salt.tikicdn.com/cache/280x280/media/catalog/product/u/s/usb-2-0-team-group-inc-e902-16gb-xanh-nhat-1215-6622111-2-zoom.jpg
3054369,5116522285995,"Phần Mềm Diệt Virus BKAV Profressional sử dụng Trí tuệ nhân tạo (AI) tổng hợp các dữ liệu được ghi nhận, phân tích và chỉ ra các mối nguy hiểm người sử dụng có thể gặp phải như bị xóa dữ liệu, bị the...",234000,234000,5.0,0,0,,,,Phần Mềm Diệt Virus BKAV Profressional 1 PC 12 Tháng - Hàng Chính Hãng,https://salt.tikicdn.com/cache/280x280/ts/product/92/08/90/82a1872301ff651ff373d9bc7f526c99.jpg
275191713,8937804023560,"Hộp mực 337 dành cho máy in Canon MF211, MF221D, MF215, MF241D LBP151dw/ Image CLASS MF 237W/ 247DW/ 211D/ MF212W/ MF221D/ MF241D/ MF215/ MF217W/ MF226DN/ MF229DW/ MF 236N/ MF244DW/ Hàng chính hãng Al...",126800,126800,4.0,0,0,,,,"Hộp mực 337 dành cho máy in Canon MF211, MF221D,  MF215, MF241D LBP151dw/ Image CLASS MF 237W/ 247DW/ 211D/ MF212W/ MF221D/ MF241D/ MF215/ MF217W/ MF226DN/ MF229DW/ MF 236N/ MF244DW/ Hàng chính hãng Alpha Cartridge",https://salt.tikicdn.com/cache/280x280/ts/product/54/3c/37/a16b4289cb383d0b855d08f76c457009.jpg
275195651,7855214860204,. Máy Tính Siêu Nhỏ Ultra Mini Intel thế hệ 12 Alder Lake N100 - Hỗ Trợ Xuất Hình 4K 60hz. CPU Intel thế hệ 12 Alder Lake N100 tiến trình 7nm . Tốc độ Turbo Up To 3.4Ghz cho hiệu năng vượt trội. Ram...,4195000,4195000,5.0,0,0,,,,Máy Tính Siêu Nhỏ Ultra Mini T9 PLUS - Intel thế hệ 12 Alder Lake N100 - Hỗ Trợ Xuất Hình 4K 60hz hàng nhập khẩu,https://salt.tikicdn.com/cache/280x280/ts/product/8f/50/e5/3225e05e49bdbad66e2a6018437cbcce.jpg
276762388,2061105684337,Sản phẩm chính hãng Unitek.Hạt mạng Unitek RJ45 được sản xuất bằng công nghệ tiên tiến nhất của Mỹ nên đáp ứng được các tiêu chuẩn khắt khe nhất của việc truyền dẫn tín hiệu.Được làm từ nhựa nguyên c...,185000,185000,0.0,0,0,,,,Hạt đầu bấm mạng UTP RJ45 Cat6 Unitek (100c) - Hàng chính hãng,https://salt.tikicdn.com/cache/280x280/ts/product/e0/eb/33/f0ed10a2790c816a7676e88ca57d7ea0.jpg
99998451,2228735644002," VESA DisplayHDR 400HDR rõ ràng và tươi sángMàn hình này hỗ trợ VESA DisplayHDR 400 với độ sáng và độ tương phản rộng, tạo nên hình ảnh chân thực cho những game HDR, phim và ảnh mới nhất.  ...",5190000,8090000,5.0,2900000,36,,,,Màn hình máy tính LG UHD 4K 27'' IPS VESA DisplayHDR 400 27UP600K-W - Hàng chính hãng,https://salt.tikicdn.com/cache/280x280/media/catalog/producttmp/6e/3c/a8/4cca621676647518f888704c95190102.png
275797120,5775244175359,"Dây cáp dùng cho kết nối mạng LAN / Internet từ Modem internet, Switch đến cục phát wifi hoặc tới PC, Laptop theo chuẩn kết nối mạng với 2 đầu RJ45Dây cáp đã được bấm sẵn 2 đầu bấm mạng RJ45 cắm vào ...",100000,100000,5.0,0,0,,,,Dây cáp mạng LAN đúc sẵn 2 đầu Cat6E UTP Arigato - Hàng chính hãng,https://salt.tikicdn.com/cache/280x280/ts/product/8c/f7/78/b72ff0c4a8cbc935fe537b309b4ff4d4.jpg
3054369,5116522285995,"Phần Mềm Diệt Virus BKAV Profressional sử dụng Trí tuệ nhân tạo (AI) tổng hợp các dữ liệu được ghi nhận, phân tích và chỉ ra các mối nguy hiểm người sử dụng có thể gặp phải như bị xóa dữ liệu, bị the...",234000,234000,5.0,0,0,,,,Phần Mềm Diệt Virus BKAV Profressional 1 PC 12 Tháng - Hàng Chính Hãng,https://salt.tikicdn.com/cache/280x280/ts/product/92/08/90/82a1872301ff651ff373d9bc7f526c99.jpg
276632232,3100045895465,"Dây cáp dùng cho kết nối mạng LAN / Internet từ Modem internet, Switch đến cục phát wifi hoặc tới PC, Laptop theo chuẩn kết nối mạng với 2 đầu RJ45Dây cáp đã được bấm sẵn 2 đầu bấm mạng RJ45 cắm vào ...",60000,60000,5.0,0,0,,,,Dây cáp mạng LAN đúc sẵn 2 đầu Cat6 UTP Unitek - Hàng chính hãng,https://salt.tikicdn.com/cache/280x280/ts/product/07/18/e4/3f3421d4fea4c3ee2d6cacac3b036d4b.jpg
476059,6104067990619," USB Team E902 16GB mang đến cho bạn dùng lượng rộng rãi 16GB để bạn có thể lưu tất cả các dữ liệu cần thiết cho công việc của mình. Ngoài ra, chuẩn  USB 2.0 cùng tính năng plug - play giúp bạn thuận...",84000,120000,4.2,36000,30,,,,USB Team E902 16GB - Hàng Chính Hãng,https://salt.tikicdn.com/cache/280x280/media/catalog/product/u/s/usb-2-0-team-group-inc-e902-16gb-xanh-nhat-1215-6622111-2-zoom.jpg
416990,7507716307926,"USB Wifi (high gain) TP-LINK TL-WN722N hỗ trợ người dùng cài đặt các máy tính hoặc máy tính xách tay ở vị trí thuận tiện nhất có sẵn, mà không cần phải có dây cáp mạng. Sản phẩm tương thích với các ...",175000,197600,4.7,22600,11,,,,TP-Link  TL-WN722N - USB Wifi (high gain) tốc độ 150Mbps - Hàng Chính Hãng,https://salt.tikicdn.com/cache/280x280/ts/product/d8/7e/88/8b082f09b4786149879ac69417ad2087.jpg
276191594,2057461643290,"Hộp mực HP 12A , Ca.non 2900 – Chất lượng cao –Mới 100% - Nguyên hộp- Bảo hành 1 đổi 1 trong 1 THÁNG HOẶC ĐẾN KHI HẾT MỰC... nếu lỗi do nhà sản xuất. Dùng cho các dòng máy in sau:HP 1010, 1015, 10...",121000,121000,5.0,0,0,,,,Hộp mực 12A Canon 2900 dành cho Canon LBP 2900/3000 HP Laser Jet 1010/1015/1020/3015/3020/3030/3050  HÀNG CHÍNH HÃNG ALPHA CARTRIDGE,https://salt.tikicdn.com/cache/280x280/ts/product/ff/be/49/1d3c9948758d41167de973278f01401b.jpg
275451243,8475785093143,"Hộp mực dùng cho máy in canon LBP 2900/ 3000 ( hộp mực 12a) có mực sẵn, mua về lắp vào sử dụng luôn mực in đều, sắc nét, in được khoảng 5000 trang (độ phủ 5%)shop xuất hóa ...",112000,112000,4.7,0,0,,,,Hộp mực dùng cho máy in canon lbp 2900/3000 (hộp mực 12a) hàng chính hãng ,https://salt.tikicdn.com/cache/280x280/ts/product/b7/9f/d9/47cfd49980ebb4ccd723c44f4eccc490.jpeg
276034344,9096108590124,"Lưu Ý: SẢN PHẨM KHÔNG CÓ VATLINK ĐẶT MUA HÀNG DÙNG LUÔN KHÔNG MẤT PHÍ VẬN CHUYỂNLưu Ý : Sản Phẩm Không Phải Là dạng mã thẻ cào, hay key kích hoạt ( khách hàng lưu ý trước khi mua hàng )Bản quyền 1...",389000,389000,5.0,0,0,,,,OFFICE 365 FAMILY -  1 Tài Khoản 5 Thiết bị 1 Năm+ 1TB Lưu Trữ  - Hàng Chính Hãng,https://salt.tikicdn.com/cache/280x280/ts/product/7e/1a/0d/e54beba3653b686613a770eee4364ba6.jpg
271041775,5277654294710,"USB Flash DataTraveler Exodia OnyxVới nắp trượt đẹp mắtKingston DataTraveler Exodia Onyx là loại ổ flash tương thích với USB 3.2 Gen 1 với khả năng truyền dữ liệu nhanh chóng, cho phép lưu ...",342000,342000,5.0,0,0,,,,USB Kingston 3.2 Gen 1 DataTraveler Exodia Onyx USB Flash Drive 64G / 128G / 256G - Hàng Chính Hãng,https://salt.tikicdn.com/cache/280x280/ts/product/cf/37/14/a7515c2bee65d9e9e3a4d2796b526c23.jpg
275191477,4436777031662,"Sản phẩm: Hộp mực CF285A,  cho máy in Black LASERJET P1102, / P1212/P1102W LBP-3018/3010/3050/3020/3100/6000.F158200Số lượng bản in: 1.200 -1.600Giúp các doanh nghiệp tiết kiệm từ 45% - 50% chi phí ...",112800,112800,5.0,0,0,,,,Hộp mực 85A 35A dành cho máy in Canon LBP 6000 6030 6030w F158200 HP P1102/P1212/P1102W/1136/1216/1130 - LBP 3010/3050/3020 Hàng chính hãng Alpha Cartridge,https://salt.tikicdn.com/cache/280x280/ts/product/37/29/7b/7db590ea0e3d5716c02b828cf9f4c43a.jpg
273395255,5619455831634,"Avast Premium Security:- Bảo vệ chống lại tất cả mối đe dọa trên mạng, bao gồm cả trang web giả mạo và phần mềm tống tiền.- Ngăn chặn tin tặc chiếm quyền điều khiển máy tính.- Bảo vệ chống phần mềm...",155000,155000,4.8,0,0,,,,Avast Premium Security (For 1 PC – 1 year)- Hàng chính hãng ,https://salt.tikicdn.com/cache/280x280/ts/product/0a/17/0b/419a76efad7603b4081f2af1f9bdeb37.png
21709688,3901820326271,Hộp mực thay thế 12a dùng cho máy in  1010; 1012; 1015; 1018; 1020; 1022; 3015; 3020; 3030; 3050; 3052; 30551005 Canon LBP2900; Canon LBP3000Mới 100% cho ra 1500 bản in đẹpvỏ hộp đầy đủ...,160000,160000,0.0,0,0,,,,Hộp mực 12a dành cho máy in LBP 2900/ hp 1020/ 1010 - NHẬP KHẨU,https://salt.tikicdn.com/cache/280x280/ts/product/67/ea/57/5d183316d4df4997ffe26e6feab777d4.jpg
190315447,4888963029576,"Phần Mềm Diệt Virus BKAV Profressional Internet Security Phần Mềm Diệt Virus BKAV Profressional sử dụng Trí tuệ nhân tạo (AI) tổng hợp các dữ liệu được ghi nhận, phân tích và chỉ ra các mối nguy hiểm...",169000,169000,5.0,0,0,,,,Phần Mềm Diệt Virus BKAV Pro Internet Security AI (1 năm) - Hàng Chính Hãng,https://salt.tikicdn.com/cache/280x280/ts/product/98/ea/93/d1af129f43780411917394a60c5fe10c.png
276191357,4733190179421,"Hộp mực Brother TN 2385/2325 ,CÓ LỔ ĐỔ MỰC – Chất lượng cao – Mới 100% - Nguyên hộp- Bảo hành 1 đổi 1 trong 1 THÁNG HOẶC ĐẾN KHI HẾT MỰC nếu lỗi do nhà sản xuất. Dùng cho các dòng máy in sau:HL-2300D...",105000,105000,5.0,0,0,,,,Hộp mực dành cho Máy in Brother DCP 2520dw 2540dw -HL-L2321D HL-2361DN HL-2366DW MFC-L2701D MFC-L2701DW - TN 2325/2385 Mới 100%-CÓ LỔ ĐỔ MỰC Hàng chính hãng Alpha Cartridge ,https://salt.tikicdn.com/cache/280x280/ts/product/e5/69/d1/420fbe7a93c41d9ee3fe0754d46f23d3.jpg
806672,6101576467779,"   USB Team Taiwan C171 16GB (Đen) có thiết kế nhỏ gọn tinh tế, màu sắc ấn tượng, là phụ kiện quen thuộc và không thể thiếu trong công việc hằng ngày của bạn.   Tích hợp nhiều tính năng độc đáo như ...",77000,120000,4.8,43000,36,,,,USB Team Taiwan C171 16GB - Hàng Chính Hãng,https://salt.tikicdn.com/cache/280x280/media/catalog/product/c/1/c171_16gb_den_a_1024x1024.u5488.d20170815.t105838.623261.jpg
142459136,2368418900355,Sản phẩm hộp mực tương thích cho các dòng máy in sau: Canon LBP - 2900/ 3000 HP LaserJet - 1010/ 1012/ 1015/ 1020/ 1018/ 1022/ 1022n/ 1022nw Mẫu mã: Mới 100% Số trang in: 2000 bản in với độ phủ mực 5%...,100000,100000,5.0,0,0,,,,Hộp Mực Cartridge 12A Máy In Canon LBP 2900 (303) 3000 HPQ2612A 1020 M1005 M1010 1018 Có Lỗ Nạp Mực - Hàng Chính Hãng,https://salt.tikicdn.com/cache/280x280/ts/product/3b/36/38/5989083d61b9d809e898f35c77013326.jpg
9966450,4930475723455,"Hộp mực 12A cho máy in 2900 3000 HP. 1010 1020 - Q2612AThông tin sản phẩm:Tên gọi: Hộp mực máy in Canon 2900Xuất xứ: Việt NamTiêu chuẩn bản in: 1,800Tương thích với máy in sử dụng hộp mực 12A/FX9...",180000,180000,0.0,0,0,,,,Hộp mực 12A cho máy in 2900 3000 HP. 1010 1020 - Q2612A,https://salt.tikicdn.com/cache/280x280/ts/product/74/a2/4b/cd7542b2bd4cb038d90a2adc87c07c50.jpg
275961342,8738807587844,"Hàng chất lượng cao, HỘP MỰC HP 78A , CANON 326/328 DÙNG CHUNGHộp mực HP 78A , C 326/328 ,  -Có Lỗ Đổ Mực – Chất lượng cao – Mới 100% - Nguyên hộp- Bảo hành 1 đổi 1 trong 1 THÁNG HOẶC ĐẾN KHI HẾT MỰ...",126800,126800,0.0,0,0,,,,Hộp mực 78A dành cho Canon 6230dn 6230dw 6200d - HP P1560/1536/P1566/1600/P1606DN Mực in Canon MF4410/4430/4580DN/MF4570dn/4550d/4452/4450/4450d/MF4420n /4412/ự D520  Có lổ đổ mực-Hàng chính hãng Alpha Cartridge,https://salt.tikicdn.com/cache/280x280/ts/product/ef/14/b8/003016443b85a7613976d35f260ecbc7.jpg
165177374,7571732963668,"Hộp mực in 107A/W1107A dùng cho máy in HP LaserJet 107a, 107w, 135a, 135w, 137a, 137w - Cartridge 107A mới 100% [Fullbox]+ Sử dụng chung cho các dòng máy in HP LaserJet 107a, 107w, 135a, 135w, 137a, ...",285000,285000,4.7,0,0,,,,"Hộp mực in 107A/W1107A (full chip) hàng chính hãng Viettoner dùng cho máy in HP LaserJet 107a, 107w, 135a, 135w, 137a, 137w - Cartridge 107A/W1107A mới 100% [Fullbox]",https://salt.tikicdn.com/cache/280x280/ts/product/f4/65/3a/ec1ea16cdd1d88017dd5d6d62893c25c.jpeg
275171088,4316340906989,Hộp mực dành cho máy in Canon LBP 6030/ 6030w F158200 HP P1102 / 1102w Hàng chính hãng Alpha Cartridge...,121000,121000,5.0,0,0,,,,Hộp mực dành cho máy in Canon LBP 6030/ 6030w F158200 HP P1102 / 1102w Hàng chính hãng Alpha Cartridge,https://salt.tikicdn.com/cache/280x280/ts/product/c7/f8/6b/f1df35e5dc049a42c72d79055f2c2c53.jpg
219163708,7866589575858,"Hộp mực 337 - Hộp mực Canon mf241d (Có VAT) dùng cho máy in Canon MF211, MF212w, MF215, MF217w, MF220, MF221d, MF230, MF232w, MF235, MF237w, MF240, MF241d, MF244dw, MF246dn, MF249dw, LBP 151dw - Cartr...",130000,130000,4.7,0,0,,,,"Hộp mực 337 - Hộp mực Canon mf241d hàng nhập khẩu dùng cho máy in Canon MF211, MF212w, MF215, MF217w, MF220, MF221d, MF230, MF232w, MF235, MF237w, MF240, MF244dw, MF246dn, MF249dw, LBP 151dw - Cartridge 337 - 83A mới 100%",https://salt.tikicdn.com/cache/280x280/ts/product/09/57/9f/7b071f3701a8f9daee90808f29719773.jpg
273124552,9192378106138,"  USB Lexar JumpDrive V400 32GB - đen, Chuẩn USB 3.0, Tốc độ đọc 100Mb/s, chính hãng bảo hành 2 năm   Tốc độ đọc nhanh 100MB/s   USB Flash Drive V400 tiêu chuẩn USB 3.0, tốc độ truyền dữ liệu nhanh...",110000,130000,4.7,20000,15,,,,"USB Lexar JumpDrive V400 64GB / 128GB, Chuẩn USB 3.0, Tốc độ đọc 100Mb/s - Hàng chính hãng",https://salt.tikicdn.com/cache/280x280/ts/product/fb/ef/44/0bdae3d0c40e134c87bba3bd960aa8f0.jpg
54439144,1416843001118,"Wi-Fi tốc độ caoBộ Chuyển Đổi USB Wifi TP-Link Archer T2U Plus Công Suất Cao AC600 hỗ trợ 256QAM tăng tốc độ dữ liệu 2,4 GHz từ 150 Mbps lên 200 Mbps, 200Mbps trên băng tần 2,4GHz và 433Mbps trên băn...",256000,309400,5.0,53400,17,,,,Bộ Chuyển Đổi USB Wifi TP-Link Archer T2U Plus Công Suất Cao AC600 - Hàng Chính Hãng,https://salt.tikicdn.com/cache/280x280/ts/product/c8/3e/0b/8b84d71b4f0a0ebc539dc6898cdddbb2.jpg
273441394,9720987766493,Tính năng: Mực in LaserTương thích với máy in: Brother HL-B2100D; HL-B2180DW; DCP-B7620DW; DCP-B7640DW; MFC-B7810DWSố trang in: 2600 trang (với độ phủ 5%)Màu sắc: ĐenHãng sản xuất: Brother...,230000,230000,5.0,0,0,,,,Mực in Brother TN-B027 - Hàng Chính Hãng,https://salt.tikicdn.com/cache/280x280/ts/product/97/e7/e8/e47c1526da382c1b5ec203878c460aec.png
275221336,4978894447234,"Combo 5 chai Mực Nạp LN 12A-26ALoại mực: Mực nạp laser trắng đenTrọng lượng mực : 140grBộ 5 chai + 1 Phễu đổ mựcMã mực: 12A-26ADùng cho các dòng mực in HP: 12A, 49A, 53A, 15A, 05A ……303/ 308/ 315...",155000,155000,4.7,0,0,,,,"Combo 5 chai Mực Nạp LN 12A-26A dùng cho máy in Canon 2900, Hp 1020,... đậm đẹp, ít thải 140g + 1 Phễu - hàng chính hãng",https://salt.tikicdn.com/cache/280x280/ts/product/c1/6e/96/96f169db26bf08a115338a216ac618d8.jpg
272400934,4413829376916,"Bản quyền 12 tháng, khi kích hoạt key thành công.Diệt virus: Bảo vệ máy tính khỏi virus, ransomware, malware và các phần mềm độc hại khác.Bảo vệ thanh toán trực tuyến: Mã hóa thông tin cá nhân và t...",350000,350000,0.0,0,0,,,,Phần mềm bảo vệ máy tính Kaspersky Standard | Bản quyền chính hãng 365 ngày - Hàng Chính Hãng,https://salt.tikicdn.com/cache/280x280/ts/product/32/9d/2c/373f7cf818926689705cd3fa3f7a7dc3.jpg
275191713,8937804023560,"Hộp mực 337 dành cho máy in Canon MF211, MF221D, MF215, MF241D LBP151dw/ Image CLASS MF 237W/ 247DW/ 211D/ MF212W/ MF221D/ MF241D/ MF215/ MF217W/ MF226DN/ MF229DW/ MF 236N/ MF244DW/ Hàng chính hãng Al...",126800,126800,4.0,0,0,,,,"Hộp mực 337 dành cho máy in Canon MF211, MF221D,  MF215, MF241D LBP151dw/ Image CLASS MF 237W/ 247DW/ 211D/ MF212W/ MF221D/ MF241D/ MF215/ MF217W/ MF226DN/ MF229DW/ MF 236N/ MF244DW/ Hàng chính hãng Alpha Cartridge",https://salt.tikicdn.com/cache/280x280/ts/product/54/3c/37/a16b4289cb383d0b855d08f76c457009.jpg
95564239,5745134000307,Hộp mực AC 12A Hàng nhập khẩu - Dùng cho máy in Laser Jet 1005/1010/1012/1015/1020/1022/m1319f/3015/3020/3030/3050/3052/3055Canon LBP 2900/3000Số lượng bản in: 2.000.Sản phẩm đa dạng có thể đáp ứng...,130000,130000,5.0,0,0,,,,Hộp mực 12A Canon 2900 hàng nhập khẩu Hộp mực dành cho máy in Canon LBP 2900/3000 HP Laser Jet 1010/1015/1020/3015/3020/3030/3050,https://salt.tikicdn.com/cache/280x280/ts/product/72/c6/d7/65b609bf430758b1d3078b5f5e465e2c.jpg
187770519,1046566289097,. Máy Tính Siêu Nhỏ Ultra Mini Morefine ZX01 Plus Intel thế hệ 12 Alder Lake N100 Xuất Hình 4K 60hz. CPU Intel thế hệ 12 Alder Lake N100 tiến trình 7nm . Tốc độ Turbo Up To 3.4Ghz cho hiệu năng vượt ...,4030000,4030000,5.0,0,0,,,,Máy Tính Siêu Nhỏ Ultra Mini Morefine ZX01 Plus - Intel thế hệ 12 Alder Lake N100 - Hỗ Trợ Xuất Hình 4K 60hz,https://salt.tikicdn.com/cache/280x280/ts/product/f5/7e/44/eeafe359a2c90e4939aa55f02e5e3dab.jpg
481625,8506950212521,"Máy In Đa Chức Năng Canon MF 3010 AEMáy In Đa Chức Năng Canon MF 3010 AE - Máy in đa năng thường có trọng lượng và kích thước rất lớn, tuy nhiên với Máy In Đa Chức Năng Canon MF 3010 AE thì không. T...",4910000,5790000,4.7,880000,15,,,,Máy In Đa Năng Canon MF3010 Scan Copy - Hàng chính hãng,https://salt.tikicdn.com/cache/280x280/ts/product/28/d1/2c/5b9a1c0e567aeafc54a50376ffde3897.jpg
276181938,4476418092052,=================================✪ Sản phẩm chính hãng Team Group✪ Thiết kế nắp rời và tông chủ màu đen hợp thời trang✪ Thiết bị lưu trữ USB 3.2 lý tưởng (USB 3.2 GEN 1 tương đương USB 3.0)✪ ...,99000,169000,4.8,70000,41,,,,USB 3.2 Team Group C175 32GB - Hàng chính hãng,https://salt.tikicdn.com/cache/280x280/ts/product/6a/a8/ab/a2569349f58751fb796f85c864e928a1.jpg
273695405,1253828156254,"USB 3.1 FIRO Jump Drive Dual Drive F29 - Thiết Bị Lưu Trữ Di Động Hiện Đại Với Tốc Độ Cao Và Tính Năng Đa DạngUSB là một trong những công nghệ lưu trữ dữ liệu phổ biến nhất hiện nay, được sử dụng r...",195000,430000,4.8,235000,55,,,,USB FIRO Jump Drive Dual Drive F29 - USB 3.1 32GB / 64GB Đầu Nối Kép Với 2 Cổng USB Type-C Và USB Type-A - Tương Thích MAC / PC Chuẩn Giao Tiếp USB 3.0 Và 2.0 - Tốc Độ Đọc 130Mb/s- Hàng Chính Hãng,https://salt.tikicdn.com/cache/280x280/ts/product/2f/56/87/a936ac5f8bf648de927e08e23de61c74.jpg
275190023,9379210535255,HỘP MỰC 12A - Canon 303:SỬ DỤNG CHO MÁY IN: - Canon 2900 / 3000 / L11121E.                                   - HP Laser jet 1010/ 1015/ 1018/ 1020/ 3015/ 3020/ 3030/ 3050/ 3055/ M1005MFP/Hộp mực tư...,121000,121000,4.8,0,0,,,,Mực in Dành Cho Máy Canon 2900/L11121E - Hộp mực 12A HP 1010/ 1015/ 1018/ 1020/ 3015/ 3020/ 3030/ 3050/ 3055/ M1005MFP Hàng chính hãng Alpha Cartridge,https://salt.tikicdn.com/cache/280x280/ts/product/db/0c/30/af594466ccdbda2b3a559ac130742d5d.jpg
275940104,9202244427748,Máy chiếu Mini thông minh siêu nhỏ Yaber L1 Android Yaber chính thức ra mắt thị trường Việt Nam máy chiếu thông minh siêu nhỏ gọn dành cho giải trí cá nhân và gia đình. Yaber L1 sở hữu một loạt c...,2190000,2190000,5.0,0,0,,,,Máy chiếu Mini thông minh Yaber L1 Android Tivi hỗ trợ Full-HD 1080p 4K- Hàng Chính Hãng - Thương hiệu Máy chiếu mini Máy chiếu gia đình văn phòng tốt nhất,https://salt.tikicdn.com/cache/280x280/ts/product/b5/26/f4/389d1c2c89b55e5b272d12e743bb04fd.jpg
456500,7506423083499,TP-LINK TL-SG1008D - Switch Để Bàn 8 Cổng   TP-LINK TL-SG1008D - Switch Để Bàn 8 Cổng cung cấp cho bạn 1 giải pháp dễ dàng để chuyển đổi sang Ethernet Gigabit. Giúp tăng tốc độ máy chủ mạng và kết nố...,406000,499000,4.6,93000,19,,,,TP-Link  TL-SG1008D - Switch Để Bàn 8 Cổng  - Hàng Chính Hãng,https://salt.tikicdn.com/cache/280x280/media/catalog/product/6/5/65c2316d6aac61511c8e62c0447415ba.jpg
14380739,9133888712831,"(1)-MÔ TẢ CHI TIẾT SẢN PHẨM- Tên sản phẩm: Hộp mực Samsung MLTD101, Samsung ML-2160/2161/2164/2165/2165W; SCX-3401/3450FW/3406- Mã sản phẩm: MCTS2160KOM-MLTD101- Số lượng sản phẩm: Hộp- Thương hiệ...",400000,400000,0.0,0,0,,,,"Hộp mực Samsung MLTD101, Samsung ML-2160/2161/2164/2165/2165W; SCX-3401/3450FW/3406 - Hàng nhập khẩu",https://salt.tikicdn.com/cache/280x280/ts/product/1c/e8/83/b7848c93fdce18b86180b7e7b88c75bb.jpg
247241493,3960256358285,Bkav Internet Security AI Vì sao chọn Bkav ProPhần mềm diệt virus tốt nhất do Hiệp hội An toàn thông tin Việt Nam VNISA bình chọnTiên phong ứng dụng Trí tuệ nhân tạo AI bảo vệ đa lớpThị phần lớn ...,175000,179000,5.0,4000,2,,,,Phần Mềm Diệt Virus BKAV Profressional Internet Security (1 năm) - Hàng Chính Hãng,https://salt.tikicdn.com/cache/280x280/ts/product/53/e5/7f/d3fee303498bc6b9a924612da4259bdc.jpg
15270539,4329393925490,Bộ Chuyển Đổi Băng Tần Kép Tốc Độ Cao Cho Kết Nối Tốt HơnArcher T3U mang đến kết nối nhanh hơn gấp 3 lần so với tốc độ Wi-Fi chuẩn N. Wi-Fi tốc độ cao (lên đến 867Mbps trên băng tần 5GHz và tốc độ 40...,331200,331200,4.7,0,0,,,,Bộ Thu Wifi TP-Link Archer T3U AC1300Mbps - Hàng Chính Hãng,https://salt.tikicdn.com/cache/280x280/ts/product/e0/f8/08/b7fb5508edd8a1cbc668f13281820443.jpg
274442078,5967026195613,============================☼ Sản phẩm chính hãng Team Group☼ Thiết kế nhỏ gọn thời trang☼ Nắp trượt dễ dàng sử dụng☼ Tốc độ chuẩn USB 2.0============================✪ Sản phẩm được bảo hành đổi...,77000,110000,0.0,33000,30,,,,USB Team Group C141 8GB - Hàng Chính Hãng,https://salt.tikicdn.com/cache/280x280/ts/product/d8/5c/66/0e4800a923c2f1c56b845f2c1b4ad90d.jpg
2903577,1570718926767," Kiểu dáng chắc chắn, tiện dụngMáy in Canon Pixma G3010 có màu đen sang trọng, chi tiết tinh xảo, hoàn thiện, lắp đặt trên các bàn làm việc, kệ tủ, kệ bàn gọn đẹp, không chiếm nhiều diện tích....",4790000,5490000,4.6,700000,13,,,,Máy In Phun Màu Đa Năng Canon Pixma G3010 - Hàng Chính Hãng,https://salt.tikicdn.com/cache/280x280/ts/product/ec/33/48/fefa48285e8b0800452b2cd092d92811.jpg
273181063,3665480520839,"Bộ phát wifi từ sim 4G Pixlink USB Dcom, USB phát Wifi 4G LTE, usb modem phát wifi tốc độ cao, phủ sóng rộng, sử dụng dễ dàngUSB phát Wifi 4G LTE từ Sim 4G - Thiết bị Dcom 4G wifi tích hợp 3 in 1 MI...",199000,250000,5.0,51000,20,,,,"Bộ phát wifi từ sim 4G Pixlink USB Dcom, USB phát Wifi 4G LTE, usb modem phát wifi tốc độ cao, phủ sóng rộng, sử dụng dễ dàng - Hàng chính hãng / Hàng nhập khẩu",https://salt.tikicdn.com/cache/280x280/ts/product/aa/b3/dd/9afecfd713d79e90f5f28385575f0188.jpg
99998451,2228735644002," VESA DisplayHDR 400HDR rõ ràng và tươi sángMàn hình này hỗ trợ VESA DisplayHDR 400 với độ sáng và độ tương phản rộng, tạo nên hình ảnh chân thực cho những game HDR, phim và ảnh mới nhất.  ...",5190000,8090000,5.0,2900000,36,,,,Màn hình máy tính LG UHD 4K 27'' IPS VESA DisplayHDR 400 27UP600K-W - Hàng chính hãng,https://salt.tikicdn.com/cache/280x280/media/catalog/producttmp/6e/3c/a8/4cca621676647518f888704c95190102.png
275195651,7855214860204,. Máy Tính Siêu Nhỏ Ultra Mini Intel thế hệ 12 Alder Lake N100 - Hỗ Trợ Xuất Hình 4K 60hz. CPU Intel thế hệ 12 Alder Lake N100 tiến trình 7nm . Tốc độ Turbo Up To 3.4Ghz cho hiệu năng vượt trội. Ram...,4195000,4195000,5.0,0,0,,,,Máy Tính Siêu Nhỏ Ultra Mini T9 PLUS - Intel thế hệ 12 Alder Lake N100 - Hỗ Trợ Xuất Hình 4K 60hz hàng nhập khẩu,https://salt.tikicdn.com/cache/280x280/ts/product/8f/50/e5/3225e05e49bdbad66e2a6018437cbcce.jpg
42561594,1881424934558,Hộp Mực Premium TN2385/ TN2325 Cho Máy In Brother HL-2360/2361 dùng chung cho các dòng máy in Brother HL-2360/2361.Số lượng trang in từ 2600 trang A4 (Độ phủ 5%).Nạp lại có thể được 3-4 lần.Sử dụ...,714500,714500,0.0,0,0,,,,Hộp Mực Premium TN2385/ TN2325 Cho Máy In Brother HL-2360/2361 - Hàng Nhập Khẩu,https://salt.tikicdn.com/cache/280x280/ts/product/90/3e/fe/6ef0274a0be927e64bddb139b02033c6.jpg
274147427,1672282986216,LƯU Ý : SẢN PHẨM NÀY KHÔNG XUẤT HÓA ĐƠN VAT LINK ĐẶT MUA HÀNG DÙNG LUÔN KHÔNG MẤT PHÍ VẬN CHUYỂNKhách hàng sẽ nhận 01 mã kích hoạt (KEY)Key online sẽ được gửi sang khi khách hàng nhận nhận phong t...,233000,250000,5.0,17000,7,,,,Mã Code Hệ Điều Hành  Windows Pro - Hàng Nhập Khẩu,https://salt.tikicdn.com/cache/280x280/ts/product/dc/bf/2d/d0776e6b503a4a6bbdcc3c23c40de7fd.jpg
273181063,3665480520839,"Bộ phát wifi từ sim 4G Pixlink USB Dcom, USB phát Wifi 4G LTE, usb modem phát wifi tốc độ cao, phủ sóng rộng, sử dụng dễ dàngUSB phát Wifi 4G LTE từ Sim 4G - Thiết bị Dcom 4G wifi tích hợp 3 in 1 MI...",199000,250000,5.0,51000,20,,,,"Bộ phát wifi từ sim 4G Pixlink USB Dcom, USB phát Wifi 4G LTE, usb modem phát wifi tốc độ cao, phủ sóng rộng, sử dụng dễ dàng - Hàng chính hãng / Hàng nhập khẩu",https://salt.tikicdn.com/cache/280x280/ts/product/aa/b3/dd/9afecfd713d79e90f5f28385575f0188.jpg
273695405,1253828156254,"USB 3.1 FIRO Jump Drive Dual Drive F29 - Thiết Bị Lưu Trữ Di Động Hiện Đại Với Tốc Độ Cao Và Tính Năng Đa DạngUSB là một trong những công nghệ lưu trữ dữ liệu phổ biến nhất hiện nay, được sử dụng r...",195000,430000,4.8,235000,55,,,,USB FIRO Jump Drive Dual Drive F29 - USB 3.1 32GB / 64GB Đầu Nối Kép Với 2 Cổng USB Type-C Và USB Type-A - Tương Thích MAC / PC Chuẩn Giao Tiếp USB 3.0 Và 2.0 - Tốc Độ Đọc 130Mb/s- Hàng Chính Hãng,https://salt.tikicdn.com/cache/280x280/ts/product/2f/56/87/a936ac5f8bf648de927e08e23de61c74.jpg
417018,7505615609233,Card Mạng TP-Link TL-WN781ND Card Mạng TP-Link TL-WN781ND được thiết kế để cung cấp hệ thống mạng không dây tốc độ cao từ máy chủ hoặc máy chủ chính để chuyển đổi kết nối cố định thông qua máy tính b...,198000,198000,4.6,0,0,,,,Card Mạng TP-Link  TL-WN781ND - Hàng Chính Hãng,https://salt.tikicdn.com/cache/280x280/media/catalog/product/t/l/tl-wn781nd.jpg
276308462,7488679266291,"        Bluetooth 5.3 – Áp dụng công nghệ Bluetooth 5.3 mới nhất, tương thích ngược với Bluetooth V5.0/4.0/3.0/2.1/2.0/1.1        Kết Nối không dây – Cung cấp giao tiếp ổn định và thuận tiện giữa cá...",146000,149000,5.0,3000,2,,,,(Hot Sale) Bộ Thu Phát USB Bluetooth 5.3 TP-Link UB500 Nano thiết kế nhỏ gọn dành cho PC / Laptop - Hàng chính hãng,https://salt.tikicdn.com/cache/280x280/ts/product/77/28/f1/68ecfe7895055fcd39c819a4b7403a93.jpg
476059,6104067990619," USB Team E902 16GB mang đến cho bạn dùng lượng rộng rãi 16GB để bạn có thể lưu tất cả các dữ liệu cần thiết cho công việc của mình. Ngoài ra, chuẩn  USB 2.0 cùng tính năng plug - play giúp bạn thuận...",84000,120000,4.2,36000,30,,,,USB Team E902 16GB - Hàng Chính Hãng,https://salt.tikicdn.com/cache/280x280/media/catalog/product/u/s/usb-2-0-team-group-inc-e902-16gb-xanh-nhat-1215-6622111-2-zoom.jpg
275724332,8272268990181,Thông tin sản phẩmLoại máy: Máy in laser trắng đen.Chức năng: Hỗ trợ in 2 mặt tự động và in qua mạng LAN.Khổ giấy in: Tối đa A4.Tốc độ in: Lên đến 29 trang/phút (A4).Độ phân giải: Tối đa 2.400 x...,7160000,8990000,5.0,1830000,20,,,,Máy In Laser Đen Trắng Canon LBP 121DN (In đảo mặt| A4 | A5 | USB | LAN) - Hàng chính hãng,https://salt.tikicdn.com/cache/280x280/ts/product/a8/f5/59/a98980d7f08b657f862fa6f88de1e88c.jpg
276101008,4403184018212,"Dây nguồn PC, dây nguồn máy tínhDây nguồn cho PC, Máy in, Máy Chiếu, ...Đầu cắm điện 2 chân loại trònSử dụng cho nhiều thiết bị như máy tính bàn, máy in, máy chiếuSản phẩm chất lượngChiều dài củ...",75000,75000,0.0,0,0,,,,"Dây nguồn PC , dây nguồn máy tính , máy in ARIGATO - Hàng chính hãng",https://salt.tikicdn.com/cache/280x280/ts/product/62/e1/7b/f25015e21a6ce55f22199ef87634728e.png
33394028,3029849480146,Độ phân giải 1920 x 1080 FHD1800R thiết kế panel cong – Phù hợp với mắt người dùng.165Hz tần số làm mới - Hình ảnh hiển thị không bị chồng hình ảnh cũ.1ms thời gian đáp ứng giúp giảm tình trạng xé hìn...,7850000,7850000,0.0,0,0,,,,"Màn Hình cong MSI Optix 32"" AG32CV  (1920x1080/VA/144Hz/1ms/FreeSync) - Hàng Chính Hãng",https://salt.tikicdn.com/cache/280x280/ts/product/72/54/af/bd210a84476fb78b489ee3a51cd409c4.png
87128621,9928477837801,"Màu mực sáng đẹp, rõ nétDễ dàng tháo lắp và thay thếTương thích với các dòng máy in BrotherLoại máy in tương thích: Brother HLL-2xxx/MFC-L2xxxLoại mực: ĐenSố bản in: khoảng 2600 trangBao bì sản phẩm c...",474500,474500,5.0,0,0,,,,Mực in Brother TN-2385 - HÀNG CHÍNH HÃNG,https://salt.tikicdn.com/cache/280x280/ts/product/c2/17/17/c0ff1eb66df33a7e2c913b2ba063ae74.png
416978,7504604440345,"Thiết kế thu nhỏ - Cực gọn, cực xinhTP - Link TL- WN725N - USB Wifi Nano Chuẩn N Tốc Độ 150Mbps có thiết kế thu nhỏ và kiểu dáng đẹp, người dùng có thể kết nối bộ chuyển đổi Nano với bất kỳ cổng U...",121000,139100,4.6,18100,13,,,,Bộ Chuyển Đổi USB Wifi Nano TP-Link TL-WN725N Chuẩn N 150Mbps - Hàng Chính Hãng,https://salt.tikicdn.com/cache/280x280/media/catalog/product/t/l/tl-wn752n-06-g_1_.jpg
143105681,9477893611029,Sản phẩm hộp mực tương thích cho các dòng máy in sau: Canon LBP - 2900/ 3000 HP LaserJet - 1010/ 1012/ 1015/ 1020/ 1018/ 1022/ 1022n/ 1022nw Mẫu mã: Mới 100% Số trang in: 2000 bản in với độ phủ mực 5%...,100000,100000,4.5,0,0,,,,Hộp Mực In Cartridge 12A Cho Máy Canon LBP 2900 3000 Q2612A FX9 FX10 103 303 703 104 304 Có Lỗ Nạp Mực - Hàng Chính Hãng,https://salt.tikicdn.com/cache/280x280/ts/product/3b/36/38/b17c3c123393fad805eef62e66d3e634.jpg
9845151,1763573959852,"Hộp mực máy in HP 85a (gọi là Cartridge 85a, catrich, toner) dùng cho máy in Hp laserjet 1102, 1102w, 1132, 1212, m1212nf, p1102...",116500,116500,4.8,0,0,,,,"Hộp mực máy in HP 85a (Cartridge, catrich, toner 85a, 1102, 1212, 1132)",https://salt.tikicdn.com/cache/280x280/ts/product/82/db/79/19cb697c940c38b368b1d56eb1a59a60.jpg
124742926,4409272649267,MacBook Air (13 inch)Mạnh mẽ vươn tới thành công. Mà nhẹ bỗng.MacBook Air. Với chip M1.MacBook Air. Sức mạnh cho học tập.Vô cùng gọn nhẹ. Vô cùng mạnh mẽ cho việc học.Nội dung quảng cáoMacBook A...,16510000,24990000,5.0,8480000,34,,,,MacBook Air M1 13 inch 2020,https://salt.tikicdn.com/cache/280x280/ts/product/0b/1a/98/b36c67698cc86e194d17ef9e0c6783a5.jpg
459733,8505023584480,"Brother TN-2385 Toner Mực Cho Máy In HL-L2321D, HL-2361DN, HL-2366DW, MFC-L2701D, MFC-L2701DWBrother TN-2385 Toner Mực Cho Máy In HL-L2321D, HL-2361DN, HL-2366DW, MFC-L2701D, MFC-L2701DW mang lại cho...",495000,495000,4.8,0,0,,,,"Brother TN-2385 Toner Mực Cho Máy In HL-L2321D, HL-2361DN, HL-2366DW, MFC-L2701D, MFC-L2701DW - Hàng Chính Hãng",https://salt.tikicdn.com/cache/280x280/ts/product/c2/17/17/3cfde91b5f0dd8b523fa11349d395de9.png
561879,2896544681069," Kaspersky PlusMô tả: Kaspersky Plus là giải pháp an ninh mạng thế hệ mới bảo vệ bạn khỏi virus, mã độc tống tiền và phần mềm độc hại mới mà không làm chậm thiết bị, bao gồm bảo vệ thanh toán, trình...",299000,312000,5.0,13000,4,,,,Kaspersky Internet Security Cho 1 Máy Tính - KIS1U - Hàng chính hãng,https://salt.tikicdn.com/cache/280x280/ts/product/af/0b/02/1e3f46863e0a33c880306fc9bd68669b.jpg
274442078,5967026195613,============================☼ Sản phẩm chính hãng Team Group☼ Thiết kế nhỏ gọn thời trang☼ Nắp trượt dễ dàng sử dụng☼ Tốc độ chuẩn USB 2.0============================✪ Sản phẩm được bảo hành đổi...,77000,110000,0.0,33000,30,,,,USB Team Group C141 8GB - Hàng Chính Hãng,https://salt.tikicdn.com/cache/280x280/ts/product/d8/5c/66/0e4800a923c2f1c56b845f2c1b4ad90d.jpg
257846830,4479643187467,"Đánh giá chi tiết về Mực in Brother TN-B022 – Mang đến cho người sử dụng chất lượng bản in sắc nét giúp tăng hiệu quả công việc văn phòng, học tập.Mực in Brother TN-B022 được sản xuất bởi hãng Brothe...",485000,485000,5.0,0,0,,,,"Mực In Brother TN-B022 (2.600 Trang) Mực Laser Trắng Đen, Sử Dụng Cho Máy Brother HL-B2000D, HL-B2080DW, DCP-B7535DW, MFC-B7715DW - Hàng Chính Hãng",https://salt.tikicdn.com/cache/280x280/ts/product/55/c1/5f/38b162e19cc1f970aee2ba6347cccd88.jpg
174029994,6692827442616,USB Kingston 32GB DataTraveler Exodia(DTX/64GB)- Thương hiệu: Kingston- Dung lượng: 64GB- Chuẩn giao tiếp: USB 3.2- Tốc độ đọc: ~100MB/s- Tốc độ ghi: ~10MB/s- Bảo hành: 60 tháng- Xuất xứ: Chín...,115000,115000,4.7,0,0,,,,USB Kingston 64GB DataTraveler Exodia(DTX/64GB) - Hàng chính hãng,https://salt.tikicdn.com/cache/280x280/ts/product/47/d2/fe/e6a16c1802b857d1e8173c7f66e7daf7.png
276081880,3081425192692,"Mực in phun màu Epson 003 chính hãng 65ml dùng cho máy L1110/ L3110/ L3150/ L5190/ L1216/ L1210/ L3216/ L3210/ L3250/ L3256/ L5290Tương thích với các mẫu máy in Epson sau đâyL1210, L1216, L1250, L12...",263000,280000,5.0,17000,6,,,,"HCM- COMBO 4 màu Mực in màu Epson 003 70ml dùng cho máy in  L1110/ L3110/ L3150/ L5190/ L1216/ L1210/ L3216/ L3210/ L3250/ L3256/ L5290, hàng nhập khẩu.",https://salt.tikicdn.com/cache/280x280/ts/product/12/28/1f/09514f8cc2cc3609eb96fc96c60e3afb.jpg
708026,7509811889031,Router Wifi Băng Tần Kép AC1200 TP-Link Archer C50 V3 - Hàng Chính Hãng sở hữu nhiều tính năng hiện đại là giải pháp tối ưu cho việc chia sẻ mạng Wifi với tốc độ cao dành cho cả gia đình.Trang bị ch...,480000,480000,5.0,0,0,,,,Bộ Phát Wifi TP-Link Archer C50 Băng Tần Kép AC1200 - Hàng Chính Hãng,https://salt.tikicdn.com/cache/280x280/media/catalog/product/a/r/archer-c50-v3_s_01.u4064.d20170704.t180940.358348.jpg
192210428,9079087185851,"Ổ CỨNG DI ĐỘNG - Ổ CỨNG GẮN NGOÀI MY PASSPORT ULTRA HÀNG CHÍNH HÃNGĐược trang bị công nghệ USB-C, ổ cứng di động My Passport Ultra mang đến một cách dễ dàng để mở rộng bộ nhớ của bạn với thiết kế kim...",2850000,3890000,4.8,1040000,27,,,,Ổ Cứng Di Động WD My Passport Ultra Hàng Chính Hãng,https://salt.tikicdn.com/cache/280x280/ts/product/e9/1a/94/469b45eb4dc5cda6ea77d9b0d6f07b19.jpg
193247921,6449838624301,Hãng Sản Xuất: Golden JapanModel: Cat5e + 2CSố lõi mạng: 8 lõi (4 cáp xoắn)Cáp mạng kèm nguồn Cat5e FTP + 2C- Cáp mạng kèm nguồn Cat5e FTP + 2C có chống nhiễu (Cable Category 5 enhanced) là loại cáp ...,1020000,1020000,3.0,0,0,,,,Dây Cáp Mạng Kèm Nguồn Cat5e FTP + 2C Golden Japan Bọc Bạc Chống Nhiễu - Hàng Chính Hãng (Bán Lẻ Mét),https://salt.tikicdn.com/cache/280x280/ts/product/86/4b/15/453e528e527a45f06a0476176d1e12f7.png
276308462,7488679266291,"        Bluetooth 5.3 – Áp dụng công nghệ Bluetooth 5.3 mới nhất, tương thích ngược với Bluetooth V5.0/4.0/3.0/2.1/2.0/1.1        Kết Nối không dây – Cung cấp giao tiếp ổn định và thuận tiện giữa cá...",146000,149000,5.0,3000,2,,,,(Hot Sale) Bộ Thu Phát USB Bluetooth 5.3 TP-Link UB500 Nano thiết kế nhỏ gọn dành cho PC / Laptop - Hàng chính hãng,https://salt.tikicdn.com/cache/280x280/ts/product/77/28/f1/68ecfe7895055fcd39c819a4b7403a93.jpg
42561568,1458732253543,"Hộp Mực In Premium 26A (HP CF226A)/ Cartridge 052 dùng cho máy in Hp M402DN, Canon LBP 214DW, 214D… được thiết kế chính xác để mang lại kết quả bản in rõ ràng và sắc nét để đáp ứng nhu cầu của bạn.C...",179000,179000,5.0,0,0,,,,Hộp Mực In Premium 26A (HP CF226A)/ Cartridge 052 - Hàng Nhập Khẩu,https://salt.tikicdn.com/cache/280x280/ts/product/7f/d0/f0/36dd1192bc6344f5c521e30436cf8fe6.jpg
11627777,4400314392734,"* Hộp Mực In 05A-247Min được sản xuất và lắp ráp tại Việt Nam. Với dung lượng mực lên đến 2.300 trang độ phủ 5% giúp quý khách hàng tiết kiệm chi phí khi không phải hộp mực quá thường xuyên nữa, Cũng ...",290000,290000,0.0,0,0,,,,Hộp Mực In 05A-247Min dùng cho dòng máy in HP 2005/2030/2050/2055,https://salt.tikicdn.com/cache/280x280/ts/product/1c/ed/b3/f50f04259642c16fccbc6981b2972c43.jpg
6403893,9082768741396,"Cáp mạng Cat6 đúc sẵn NW102 là sản phẩm chính hãng UGREENTiêu chuẩn cáp cho Gigabit Ethernet/RJ45Cung cấp hiệu suất lên đến 500 MHz và phù hợp cho 10BASE-T, 100BASE-TX Giảm thiểu sự mất mát ...",56000,80000,5.0,24000,30,,,,Dây mạng bấm sẵn 2 đầu Cat6 UTP Patch Cords dài 5M UGREEN NW102 11204 - Hàng chính hãng,https://salt.tikicdn.com/cache/280x280/ts/product/0f/76/47/0e4e51340948499c2eeecf1fe87bccf9.jpg
275221007,6207823383049,"Mực Nạp, Mực chai 12A-26ALoại mực: Mực nạpTrọng lượng : 140grDùng cho các dòng mực in HP: 12A, 49A, 53A, 15A, 05A ……303/ 308/ 315/ EP25 / 319, Dùng cho nhiều dòng máy in : HP Laser 1010/ 1015/ 10...",30800,30800,4.0,0,0,,,,"Mực Nạp, Mực chai 12A-26A dùng cho máy in 2900, 3300, 6650, ... Hp 1020, P2035, Pro 400, P1320 Trọng lượng 140g đậm đẹp - Hàng chính hãng",https://salt.tikicdn.com/cache/280x280/ts/product/39/a4/21/76039a07d14b056216e58d4e76ba5337.jpg
248184839,8417533320877,"WiFi Tốc Độ Cao – Tốc độ lên tới 600Mbps với 200Mbps trên băng tần 2.4GHz và 433 Mbps trên băng tần 5GHz, nâng cấp thiết bị của bạn lên tốc độ WiFi AC cao hơn.Wi-Fi Băng Tần Kép – Băng tần 2.4GHz và ...",399000,399000,0.0,0,0,,,,(Giá Huỷ Diệt) Thiết Bị Chuyển Đổi USB Wi-Fi Nhỏ Gọn TP-Link Archer T2UB Nano Chuẩn Bluetooth 4.2 Tốc Độ Cao AC600 - Hàng Chính Hãng,https://salt.tikicdn.com/cache/280x280/ts/product/8f/b5/14/d235e154f553725d1aa0bbd022012fc8.jpg
276067078,4942860302754,"Dây nguồn máy tính laptop hàng xịn loại 1, dây dài 1 mét rưỡi, ổn định, chất lượng - Power cable laptop - Hàng chính hãng- Dây nguồn sạc laptop 1,5m - Dây nguồn dùng để kết nối cục sạc laptop với n...",62000,75000,5.0,13000,17,,,,"Dây nguồn máy tính laptop hàng xịn loại 1, dây dài 1 mét rưỡi, ổn định, chất lượng - Power cable laptop - Hàng chính hãng",https://salt.tikicdn.com/cache/280x280/ts/product/5f/a1/07/9f228122df36510a0250e8594812eebe.jpg
275190023,9379210535255,HỘP MỰC 12A - Canon 303:SỬ DỤNG CHO MÁY IN: - Canon 2900 / 3000 / L11121E.                                   - HP Laser jet 1010/ 1015/ 1018/ 1020/ 3015/ 3020/ 3030/ 3050/ 3055/ M1005MFP/Hộp mực tư...,121000,121000,4.8,0,0,,,,Mực in Dành Cho Máy Canon 2900/L11121E - Hộp mực 12A HP 1010/ 1015/ 1018/ 1020/ 3015/ 3020/ 3030/ 3050/ 3055/ M1005MFP Hàng chính hãng Alpha Cartridge,https://salt.tikicdn.com/cache/280x280/ts/product/db/0c/30/af594466ccdbda2b3a559ac130742d5d.jpg
83921674,4596923028300,"Bộ phát wifi băng tầng kép cho tốc độ caoRouter Wifi Linksys E5600-AH Max-Stream AC1200 MU-MIMO GIGABIT với băng tầng kép cho phép bạn tận hưởng sức mạnh của công nghệ Wi-Fi chuẩn AC với tốc độ 1,2 G...",773000,789000,5.0,16000,2,,,,Router Wifi Linksys E5600-AH Max-Stream AC1200 MU-MIMO GIGABIT - Hàng Chính Hãng,https://salt.tikicdn.com/cache/280x280/ts/product/44/67/1d/d3e88398ba9b2a27b085e747494cebdc.jpg
276139893,5648108444130," Tính năng nổi bật:● Tốc độ 10Gbps● Tương thích M.2 NVME - 2230,2242,2260, 2280● Dung lượng tối đa: 4TB ●● Tấm tản nhiệt đi kèm, áo tản nhiệt● Cáp đi kèm typeC to C● Hỗ trợ Windows/Mac/Linux. ...",397000,397000,5.0,0,0,,,,Box NVME Orico PDDM2C3-G2 hỗ trợ m2 NVME PCIe Gen3x4 / Gen4x4 Type C tốc độ 10Gbps – Hàng Chính Hãng,https://salt.tikicdn.com/cache/280x280/ts/product/51/92/09/9eaaab8ab258f0c60c9bf23dc34e01d5.jpg
514864,7502734914613,"TP Link TL-WR845N - Router Không Dây Chuẩn N Tốc Độ 300Mbps TP Link TL-WR845N - Router Không Dây Chuẩn N Tốc Độ 300Mbps sở hữu tốc độ không dây lên tới 300Mbps đảm bảo phủ sóng nhanh chóng, không bị ...",328000,349000,4.5,21000,6,,,,TP-Link  TL-WR845N - Router Không Dây Chuẩn N Tốc Độ 300Mbps - Hàng Chính Hãng,https://salt.tikicdn.com/cache/280x280/media/catalog/product/t/l/tl-wr845n (1).u2470.d20160619.t145032.jpg
74975883,8856697508143,Archer C54 (Hot Buys)Router Wi-Fi Băng Tần Kép AC1200Wi-Fi AC tốc độ cao—Wi-Fi băng tần kép AC1200 lý tưởng cho việc phát video 4K và tải về tốc độ cao.Vùng phủ Wi-Fi rộng lớn—4 ăng ten và công ...,388000,526500,5.0,138500,26,,,,Bộ Phát Wifi TP-Link Archer C54 Băng Tần Kép Chuẩn AC1200 - Hàng Chính Hãng,https://salt.tikicdn.com/cache/280x280/ts/product/08/9b/ba/3e928c7fea305597f4fda400f0ede49a.png
276626019,7417807361908,"Tiêu đềMac mini. Vừa vặn, linh hoạt, và nhanh như bay trong mọi không gian làm việc.Mac mini. Tiềm năng to lớn hơn bao giờ hết.Mac mini. Mạnh mẽ cho năng suất.Mac mini. Kích thước nhỏ. Hiệu quả đầ...",15200000,18990000,5.0,3790000,20,,,,Mac Mini 2024,https://salt.tikicdn.com/cache/280x280/ts/product/08/64/80/e5b8e5854b774755b4ed0c42689d2621.jpg
275955794,8183967181626,". Màn hình di động ZX1505 Nhiều Kích thước FullHD / 2K / 4k cho máy tính , laptop , smartphone , máy game. Kích thước màn Hình 14 / 15,6 / 16 inch , tỉ lệ 16:9 ( Tùy chọn trong Phân loại ). Độ Phân ...",2050000,2050000,4.5,0,0,,,,"Màn hình di động ZX1505 Nhiều Kích thước FullHD / 2K / 4k cho máy tính , laptop , smartphone",https://salt.tikicdn.com/cache/280x280/ts/product/f8/5e/31/bd3e4df42987af08975b3c33d9ff3531.jpg
143714177,4818920520335,USB 3.2 Gen 1 Kingston 128GB DataTraveler Exodia- Thương hiệu: Kingston- Dung lượng: 128GB- Chuẩn giao tiếp: USB 3.2- Tốc độ đọc: ~100MB/s- Tốc độ ghi: ~10MB/s- Bảo hành: 60 tháng- Xuất xứ: Ch...,199000,199000,4.2,0,0,,,,USB 128GB Kingston DTX- Hàng chính hãng,https://salt.tikicdn.com/cache/280x280/ts/product/4a/1e/ed/4a0e8319cadcf0f452c7c40c1ccbf3d4.png
2903577,1570718926767," Kiểu dáng chắc chắn, tiện dụngMáy in Canon Pixma G3010 có màu đen sang trọng, chi tiết tinh xảo, hoàn thiện, lắp đặt trên các bàn làm việc, kệ tủ, kệ bàn gọn đẹp, không chiếm nhiều diện tích....",4790000,5490000,4.6,700000,13,,,,Máy In Phun Màu Đa Năng Canon Pixma G3010 - Hàng Chính Hãng,https://salt.tikicdn.com/cache/280x280/ts/product/ec/33/48/fefa48285e8b0800452b2cd092d92811.jpg
